,persona,labels
85473,"A feminist historian or academic specializing in women's rights and social movements, particularly in the context of Northern Ireland.","[""Education"", ""Academia"", ""Specialized Expertise""]"
1218927,"An academic librarian focused on supporting student research and writing, likely at a community college or university level.","[""Education"", ""Academia"", ""Specialized Expertise""]"
6511252,A water sanitation engineer or environmental scientist interested in low-cost solutions to global waterborne disease problems.,"[""Environmental"", ""Scientific"", ""Professional""]"
6745913,An English language teacher or educator focused on the effective integration of technology in language learning and instructional planning.,"[""Education"", ""Academia"", ""Specialized Expertise""]"
11752403,A preschool or early childhood educator whose specialty lies in nutrition and interactive learning activities.,"[""Education"", ""Academia"", ""Specialized Expertise""]"
9872857,"A fire safety professional or building inspector whose work involves enforcing fire codes and ensuring compliance with safety regulations in commercial and public spaces, particularly with a focus on means of egress, fire door assemblies, and passive fire protection systems.","[""Construction"", ""Engineering"", ""Architecture""]"
1659860,"A high school or middle school geometry teacher whose instruction style emphasizes hands-on, step-by-step, and visually guided learning.","[""Education"", ""Academia"", ""Specialized Expertise""]"
3552554,"A human rights advocate or scholar, likely with a background in international relations, philosophy, or Catholic social doctrine, who emphasizes a grassroots and non-violent approach to human rights defense, critiques the failures of nation-states and supranational organizations in protecting human rights, and draws on a range of historical and philosophical sources, including Catholic humanism and the teachings of Mohandas Gandhi.","[""Education"", ""Academia"", ""Specialized Expertise""]"
14696214,"An elementary school teacher, likely focused on fifth-grade curriculum development or literacy instruction.","[""Education"", ""Academia"", ""Specialized Expertise""]"
12116450,"A healthcare professional or advocate focused on raising awareness and support for multiple sclerosis, likely with personal experience or a strong connection to individuals affected by the disease.","[""Healthcare Professional"", ""Psychology"", ""Child Development""]"
2478039,"A constitutional lawyer or historian interested in American history, civics, and the interpretation of founding documents.","[""Education"", ""Academia"", ""Specialized Expertise""]"
19934058,"An elementary school teacher of English Language Arts, likely focused on handwriting instruction for 2nd to 5th-grade students.","[""Education"", ""Academia"", ""Specialized Expertise""]"
15529010,A high school or introductory college chemistry teacher focusing on explaining scientific notation and core concepts to their students.,"[""Academic"", ""Scientific"", ""Educational""]"
19463660,"An early childhood educator focused on kindergarten learning and development, with an emphasis on math and literacy skills, likely writing for parents and teachers seeking educational resources and activities for young children.","[""Education"", ""Academia"", ""Specialized Expertise""]"
8123689,"A cognitive scientist or artificial intelligence researcher interested in human-computer interaction and the philosophy of artificial intelligence, likely with a background in computer science, linguistics, or philosophy.","[""Technology"", ""Research"", ""Artificial Intelligence""]"
18701389,"An education specialist focused on global pedagogy, technology integration, and cross-cultural learning experiences, likely with a background in instructional design, educational technology, or international education.","[""Education"", ""Academia"", ""Specialized Expertise""]"
10004078,"A geoscientist researching geochemistry, specifically focused on volcano hydrothermal systems, with expertise in gas and water analysis, and familiar with field studies and laboratory techniques.","[""Education"", ""Geology"", ""Earth Sciences""]"
13771078,"A civics educator developing lesson plans for middle school students on community service, civic responsibility, and social issues.","[""Education"", ""Academia"", ""Specialized Expertise""]"
8037320,A neuroscientist or academic writer focused on creating educational content about human anatomy and physiology.,"[""Neuroscience"", ""Healthcare"", ""Education""]"
20221556,"An educator or music teacher specializing in early childhood or language education, who values innovative and evidence-based methods to enhance student engagement and learning outcomes.","[""Music"", ""Education"", ""Academia""]"
7615940,"An elementary school teacher with a strong focus on math education, likely a 5th-grade math teacher, who values engaging and interactive methods to make math learning fun and effective for their students.","[""Education"", ""Academia"", ""Specialized Expertise""]"
12451788,"An elementary school teacher, likely in a year 2-4 setting, focused on guiding students with structured daily tasks and distance learning activities during school closures or remote learning periods.","[""Education"", ""Academia"", ""Specialized Expertise""]"
1059899,"An elementary school geography teacher or a children's educational content writer, likely focused on natural earth sciences and environmental studies for a younger audience.","[""Education"", ""Teaching"", ""Geography""]"
19587772,An environmental scientist focused on climate change impacts on agriculture and ecosystems.,"[""Environmental"", ""Scientific"", ""Professional""]"
19932296,A military historian specializing in Japan's Sengoku Period or an oriental studies scholar with a focus on historical Japanese warfare and samurai culture.,"[""Education"", ""Academia"", ""Specialized Expertise""]"
5534687,"A marine biologist focused on coral reef conservation in remote island ecosystems, utilizing satellite and aerial photography for research and monitoring purposes.","[""Environmental"", ""Scientific"", ""Conservation""]"
82751,A planetary geologist or astrobiologist with a strong interest in Martian geology and the study of meteorites.,"[""Science"", ""Academia"", ""Space Exploration""]"
12686282,"A renewable energy or environmental journalist covering technological advancements and policy developments in sustainable energy, likely with a focus on Asia and a background in science or engineering.","[""Environmental"", ""Scientific"", ""Professional""]"
12049052,An English language instructor whose focus is on teaching grammar rules to non-native speakers or beginner students.,"[""Education"", ""Academia"", ""Specialized Expertise""]"
9179300,"An instructional designer in higher education focused on teacher training, educational assessment, and eLearning.","[""Education"", ""Academia"", ""Specialized Expertise""]"
18235351,"A high school or college student, likely an Advanced Placement (AP) U.S. History student, who is studying for a test, as indicated by the mention of ""Nealk VA AP The Unfinished Nation Chapter 7"" and the listing of key terms with significance, suggesting a student preparing for an exam.","[""Education"", ""Academia"", ""Specialized Expertise""]"
4166865,"An electrical engineer focused on industrial safety and electrical system design, likely with experience in power distribution and transformer installations.","[""Electronics"", ""Engineering"", ""Technology""]"
21001004,"A mathematics educator focused on algebra instruction, likely developing online learning resources.","[""Education"", ""Academia"", ""Specialized Expertise""]"
6259498,"A language teacher or instructor, possibly specializing in teaching English as a second language (ESL) or a foreign language, focused on language acquisition and learning methodologies.","[""Education"", ""Academia"", ""Specialized Expertise""]"
19576128,"A French teacher at the middle school level, likely integrating technology and interdisciplinary approaches into their language instruction, with a focus on developing students' interpretive, interpersonal, and presentational skills in French, while also promoting cultural awareness and global perspectives.","[""Education"", ""Linguistics"", ""French_language""]"
20225891,"A science journalist or a research communicator at a university, whose work involves writing summaries and press releases about scientific studies across various disciplines.","[""Science Journalism"", ""Science Communication"", ""Research Reporting""]"
8582274,An HVAC engineer or mechanic specializing in the technical optimization and maintenance of refrigeration systems.,"[""Construction"", ""Engineering"", ""HVAC""]"
6743389,"An RF/microwave engineer specializing in the design, development, and manufacturing of high-frequency radar printed circuit boards (PCBs) for various applications, including military, automotive, and industrial uses.","[""Engineering"", ""Telecommunications"", ""Technology""]"
12137167,"An international social worker or human rights advocate focused on combating child labor and human trafficking, with a strong understanding of global issues related to education, poverty, health, and social inequality.","[""Education"", ""Academia"", ""Specialized Expertise""]"
4435595,"A sociology instructor focused on social inequality and class systems, likely teaching an introductory sociology course.","[""Education"", ""Academia"", ""Specialized Expertise""]"
8996459,"An environmental scientist focused on climate change research, possibly a climatologist or meteorologist with a strong interest in policy implications.","[""Environmental"", ""Scientific"", ""Professional""]"
8714549,"A cancer researcher focused on cell communication and signaling pathways, specifically studying rhabdomyosarcoma (RMS) and Eph receptors.","[""Medical Professional"", ""Healthcare Specialist"", ""Educator""]"
1287623,"An astronomer or planetary scientist interested in Mars geology and the effects of climate on planetary surfaces, likely working in academia or for a space agency.","[""Science"", ""Academia"", ""Space Exploration""]"
15850206,"A statistics instructor or tutor teaching introductory data analysis concepts, specifically focused on describing and summarizing numerical data.","[""Academic"", ""Researcher"", ""Statistician""]"
4844549,"A computer science student or a junior software engineer transitioning into systems programming, likely tasked with learning or explaining operating system fundamentals.","[""Educator"", ""Programmer"", ""Technologist""]"
11358039,A medical imaging researcher or radiologist enthusiastic about advancements in the field and their applications in disease diagnosis and treatment.,"[""Medical Professional"", ""Healthcare Specialist"", ""Educator""]"
1133917,A children's literacy advocate or a pediatrician who values the importance of early childhood development.,"[""Education"", ""Academia"", ""Specialized Expertise""]"
52843,"An arts educator focused on contemporary art and critical thinking, likely with experience in developing curriculum materials and facilitating hands-on learning activities for diverse audiences.","""None"""
1608734,"An elementary school teacher of social studies or American history, likely with a focus on Kansas state curriculum, who is responsible for developing and implementing lesson plans for fourth-grade students.","[""Education"", ""Academia"", ""Specialized Expertise""]"
19213277,"A pediatric nurse or early childhood educator focused on injury prevention and child safety, possibly working in a community outreach or parenting education setting.","[""Medical Professional"", ""Healthcare Specialist"", ""Educator""]"
16867094,"A primary school teacher, likely an English subject leader or literacy coordinator, focused on developing reading, writing, and communication skills in young students.","[""Education"", ""Academia"", ""Specialized Expertise""]"
2114951,"An elementary school teacher or reading specialist focused on early childhood literacy and educational resource implementation, who is likely involved in lesson planning and instructional design for Kindergarten to Grade 2 students.","[""Education"", ""Academia"", ""Specialized Expertise""]"
18907565,"A primary school teacher, likely a Year 3 class teacher, focused on creating engaging home learning activities that integrate language arts, science, and math lessons.","[""Education"", ""Academia"", ""Specialized Expertise""]"
14890144,"An anthropology researcher focused on indigenous cultures and their preservation, particularly those of the Indian subcontinent and ancient Hindu traditions.","[""Education"", ""Academia"", ""Specialized Expertise""]"
20903668,"A robotics engineer or researcher with a strong interest in miniature robotics and alternative energy sources, likely involved in the development of innovative mobile systems for search and rescue or space exploration.","[""Academic"", ""Scientific"", ""Educational""]"
10666571,An astronomy academic or researcher with an interest in planetary science and a likely affiliation with a university or space exploration institution.,"[""Science"", ""Academia"", ""Space Exploration""]"
16368966,"A historian of East Asian politics and international relations, likely with a focus on modern Korean history and the Cold War era.","[""Education"", ""Academia"", ""Specialized Expertise""]"
3590453,"An evolutionary biologist specializing in comparative anatomy and sensory systems, particularly electroreception in vertebrates.","[""Environmental"", ""Scientific"", ""Professional""]"
9180335,A space journalist or science writer with an interest in NASA's Mars exploration missions and an ability to explain complex technical concepts to a general audience.,"[""Science"", ""Academia"", ""Space Exploration""]"
17729658,"A historian specializing in English colonization and settlement of North America, particularly focused on the 16th to 18th centuries and the interactions between English settlers and other European powers.","[""Education"", ""Academia"", ""Specialized Expertise""]"
8205733,"A historian of 19th-century American law and penal systems, particularly focused on the evolution of capital punishment and public executions in the United States.","[""Education"", ""Academia"", ""Specialized Expertise""]"
14197621,"An English or Language Arts teacher focused on middle and high school students, likely responsible for teaching research skills and MLA formatting.","[""Education"", ""Academia"", ""Specialized Expertise""]"
5328024,A science educator or a K-8 science teacher focused on professional development and improving teaching practices in inquiry-based learning.,"[""Education"", ""Science"", ""Teaching""]"
4669712,"An English literature teacher focused on creative classroom activities and lesson plans inspired by popular fantasy novels, likely with experience in middle school or young adult education.","[""Education"", ""Academia"", ""Specialized Expertise""]"
17581751,"A computer science instructor or educator, likely teaching object-oriented programming concepts, who uses Python as the programming language for their course.","[""Educator"", ""Programmer"", ""Technologist""]"
20726582,"An economics educator with a focus on wealth creation, distribution, and inequality, likely at the high school or university level, and possibly with a background in public policy or social sciences.","[""Academic"", ""Economics"", ""Finance""]"
20528716,"A researcher or historian focused on the history of science, particularly physics, early scientific discoveries, and the development of technology.","[""Education"", ""Physics"", ""Teaching""]"
16760036,"A wildlife conservationist and bird enthusiast focused on protecting migratory bird species, specifically geese, in the UK and Ireland, likely associated with a wildlife trust or conservation organization such as the RSPB or WWT.","[""Environmental"", ""Wildlife"", ""Education""]"
13697474,A primary school science teacher or curriculum developer who is focused on designing and implementing a comprehensive and inquiry-based science curriculum aligned with the National Curriculum objectives.,"[""Education"", ""Science"", ""Teaching""]"
12170997,A 7th-grade social studies teacher or author of educational materials for middle school students.,"[""Education"", ""Academia"", ""Specialized Expertise""]"
16059116,"A historian or an anthropology researcher focused on the cultures and colonial history of the Arctic regions, particularly Greenland.","[""Education"", ""Academia"", ""Specialized Expertise""]"
8324610,"An elementary school teacher specializing in first-grade math education, or a homeschooling parent focused on interactive math learning.","[""Education"", ""Academia"", ""Specialized Expertise""]"
18840025,A vegan animal welfare advocate or animal rights activist with a focus on exposing cruelty in the sheep and wool industries.,"""None"""
5224979,"A psychology student, likely enrolled in a behavioral learning or educational psychology course, focused on applying theoretical concepts to real-world situations.","[""Mental Health"", ""Psychology"", ""Healthcare""]"
20666327,"A high school English student, likely in 9th to 12th grade, who is learning about grammar and sentence structure, specifically infinitives, and is receiving guidance from their teacher, Ms. Sue.","[""Education"", ""Academia"", ""Specialized Expertise""]"
728231,An environmental archeologist or a climate change researcher focused on the intersection of human history and paleoenvironmental studies.,"[""Environment"", ""History"", ""Academia""]"
11827974,An environmental policy analyst in the government sector or a government official with a strong focus on sustainability and eco-friendly initiatives.,"[""Environmental"", ""Scientific"", ""Professional""]"
13479431,A data center professional or IT infrastructure manager interested in precision and clarity of technical terminology.,"[""Educator"", ""Programmer"", ""Technologist""]"
13041656,"A public health professional or epidemiologist engaged in COVID-19 response, education, and prevention, likely affiliated with a government health department or a reputable health organization, given the text's formal and informative tone and adherence to official guidelines.","[""Medical Professional"", ""Healthcare Specialist"", ""Educator""]"
10169572,"A public administration scholar focused on governance, bureaucracy, and strategic interest, with a demonstrated expertise in analyzing the intersection of constitutionality, democratic norms, and political ethics in the context of Indian polity, and a passion for exploring the role of technology in enhancing national security and strategic interests.","[""Education"", ""Academia"", ""Specialized Expertise""]"
2928409,"A climate scientist or a glaciologist studying the impacts of climate change through ancient ice cores, likely specializing in paleoclimatology.","[""Environmental"", ""Scientific"", ""Conservation""]"
16418285,"An elementary school teacher specializing in child development and handwriting education, possibly with a focus on special needs such as ADHD.","[""Education"", ""Academia"", ""Specialized Expertise""]"
11941805,"An electronics engineer specializing in circuit design and components, particularly resistors.","[""Electronics"", ""Engineering"", ""Education""]"
7286220,"An elementary or middle school math teacher focused on curriculum development and instructional planning, likely in the United States.","[""Education"", ""Academia"", ""Specialized Expertise""]"
19117157,"A water resource specialist focused on understanding human perceptions of the Great Lakes ecosystem, or an environmental geographer investigating regional differences in water conservation behaviors.","[""Environmental"", ""Scientific"", ""Professional""]"
2068037,A Religious Education teacher planning lessons on Christian views of heaven and utopia for secondary school students.,"[""Education"", ""Religion"", ""Teaching""]"
4848240,A music educator or an experienced musician focused on teaching beginners about music theory.,"[""Music"", ""Education"", ""Academia""]"
5043511,An archaeologist specializing in prehistoric monuments and landscape features.,"[""Academia"", ""Anthropology"", ""Archaeology""]"
16777587,A school counselor or child development specialist focused on childhood social issues and parental support.,"[""Healthcare"", ""Child Development"", ""Mental Health""]"
3322567,A health educator or medical writer whose focus is on providing clear and concise information to the public about neurodevelopmental disorders.,"[""Neuroscience"", ""Healthcare"", ""Education""]"
18180173,"A Jewish-American historian or scholar-interpreter of Jewish studies with an interest in comparative historical analysis and contemporary social commentary, likely a strong advocate for civic responsibility, national unity, and interfaith understanding.","""None"""
15237839,"A horticultural researcher focused on green roof design, plant adaptation, and sustainable urban development, possibly with a background in environmental science or urban ecology.","[""Environmental"", ""Scientific"", ""Professional""]"
8696000,"A mechanical engineer specializing in hydraulic systems and piping design, with an emphasis on corrosion prevention and materials science.","[""Academic"", ""Scientific"", ""Educational""]"
8431368,"A virologist or molecular biologist specializing in the structural study of viral maturation, particularly in the context of tropical diseases like dengue fever.","[""Medical Professional"", ""Healthcare Specialist"", ""Educator""]"
14969420,A high school biology teacher with a focus on standardized testing preparation.,"[""Medical Professional"", ""Healthcare Specialist"", ""Educator""]"
11661201,"An amateur Flat Earth theorist or conspiracy theorist interested in space and astronomy, who is actively seeking to challenge and disprove NASA's explanations and facts about space exploration, the International Space Station, and the Earth's shape.","[""Pseudoscience"", ""Conspiracy Theory"", ""Alternative Beliefs""]"
9779105,"A public health advocate focused on obesity prevention and education, likely a professional in a field related to healthcare, wellness, or health education, who is well-versed in data analysis and evidence-based research, with a strong interest in promoting healthy lifestyle choices through community programs and initiatives.","[""Medical Professional"", ""Healthcare Specialist"", ""Educator""]"
9031523,A historian or archaeologist focused on the colonial and pre-colonial periods of Indonesian history.,"[""Education"", ""Academia"", ""Specialized Expertise""]"
6912555,"A sociology or gender studies instructor interested in critical pedagogy and social commentary, likely teaching at a college or university level, who also collaborates with academic writing services or is knowledgeable about them.","[""Education"", ""Academia"", ""Specialized Expertise""]"
17442788,"A civil or mechanical engineer specializing in sustainable construction technologies, particularly in the context of mining, quarrying, and materials processing in emerging economies.","[""Construction"", ""Engineering"", ""Architecture""]"
